Opportunity Number,Customer,Inventory Target Record: Inventory Target Name,Imps to Reserve,Prior Imps to Reserve,Discounted Rate Card Unit Price,Approved Unit Price,Approved Reservation Amount,Requested Unit Price,Requested Total Cost,Reservation Start Date,Reservation End Date,Targeted,Targeting Details,Reservation Notes,IO Campaign Number
201768,Lifespan - Lifespan Corporate Brand,Consumer - CDT - Interest - Diet / Weight loss -M01- 320x50 InStr - US,28750,28750,8.4,17.1,491.63,17.1,491.63,12/1/2015,12/31/2015,1,"GT: State of Rhode Island & New Hampshire
& City
NORTH UXBRIDGE
ACUSHNET 
Attleboro
Bellingham
Blackstone
Darthmouth
Dighton
Douglas
Fall River
Franklin
Marion
Milville
New Bedford
North Attleboro
North Dighton
Plainville
Rehoboth
Seekonk
SHELDONVILLE
Somerset
Swansea
Uxbridge
WEST WAREHAM
Westport
WESTPORT POINT
Wrentham","CBS

GT: State of Rhode Island & New Hampshire
& City
NORTH UXBRIDGE
ACUSHNET 
Attleboro
Bellingham
Blackstone
Darthmouth
Dighton
Douglas
Fall River
Franklin
Marion
Milville
New Bedford
North Attleboro
North Dighton
Plainville
Rehoboth
Seekonk
SHELDONVILLE
Somerset
Swansea
Uxbridge
WEST WAREHAM
Westport
WESTPORT POINT
Wrentham",IOC-0103449
201768,Lifespan - Lifespan Corporate Brand,Consumer - CDT - Interest - Diet / Weight loss -M01- 320x50 InStr - US,64817,64817,8.4,17.1,1108.37,17.1,1108.37,1/1/2016,1/31/2016,1,"GT: State of Rhode Island & New Hampshire
& City
NORTH UXBRIDGE
ACUSHNET 
Attleboro
Bellingham
Blackstone
Darthmouth
Dighton
Douglas
Fall River
Franklin
Marion
Milville
New Bedford
North Attleboro
North Dighton
Plainville
Rehoboth
Seekonk
SHELDONVILLE
Somerset
Swansea
Uxbridge
WEST WAREHAM
Westport
WESTPORT POINT
Wrentham","CBS

GT: State of Rhode Island & New Hampshire
& City
NORTH UXBRIDGE
ACUSHNET 
Attleboro
Bellingham
Blackstone
Darthmouth
Dighton
Douglas
Fall River
Franklin
Marion
Milville
New Bedford
North Attleboro
North Dighton
Plainville
Rehoboth
Seekonk
SHELDONVILLE
Somerset
Swansea
Uxbridge
WEST WAREHAM
Westport
WESTPORT POINT
Wrentham",IOC-0103449
201768,Lifespan - Lifespan Corporate Brand,Consumer - CDT - Interest - Diet / Weight loss -M01- 320x50 InStr - US,58480,58480,8.4,17.1,1000.01,17.1,1000.01,2/1/2016,2/28/2016,1,"GT: State of Rhode Island & New Hampshire
& City
NORTH UXBRIDGE
ACUSHNET 
Attleboro
Bellingham
Blackstone
Darthmouth
Dighton
Douglas
Fall River
Franklin
Marion
Milville
New Bedford
North Attleboro
North Dighton
Plainville
Rehoboth
Seekonk
SHELDONVILLE
Somerset
Swansea
Uxbridge
WEST WAREHAM
Westport
WESTPORT POINT
Wrentham","CBS

GT: State of Rhode Island & New Hampshire
& City
NORTH UXBRIDGE
ACUSHNET 
Attleboro
Bellingham
Blackstone
Darthmouth
Dighton
Douglas
Fall River
Franklin
Marion
Milville
New Bedford
North Attleboro
North Dighton
Plainville
Rehoboth
Seekonk
SHELDONVILLE
Somerset
Swansea
Uxbridge
WEST WAREHAM
Westport
WESTPORT POINT
Wrentham",IOC-0103449
201768,Lifespan - Lifespan Corporate Brand,Consumer - CDT - Interest - Diet / Weight loss -M01- 320x50 InStr - US,35088,35088,8.4,17.1,600,17.1,600,3/1/2016,3/31/2016,1,"GT: State of Rhode Island & New Hampshire
& City
NORTH UXBRIDGE
ACUSHNET 
Attleboro
Bellingham
Blackstone
Darthmouth
Dighton
Douglas
Fall River
Franklin
Marion
Milville
New Bedford
North Attleboro
North Dighton
Plainville
Rehoboth
Seekonk
SHELDONVILLE
Somerset
Swansea
Uxbridge
WEST WAREHAM
Westport
WESTPORT POINT
Wrentham","CBS

GT: State of Rhode Island & New Hampshire
& City
NORTH UXBRIDGE
ACUSHNET 
Attleboro
Bellingham
Blackstone
Darthmouth
Dighton
Douglas
Fall River
Franklin
Marion
Milville
New Bedford
North Attleboro
North Dighton
Plainville
Rehoboth
Seekonk
SHELDONVILLE
Somerset
Swansea
Uxbridge
WEST WAREHAM
Westport
WESTPORT POINT
Wrentham",IOC-0103449
201768,Lifespan - Lifespan Corporate Brand,Consumer - CDT - Interest - Diet / Weight loss -M01- 320x50 InStr - US,46784,46784,8.4,17.1,800.01,17.1,800.01,4/1/2016,4/30/2016,1,"GT: State of Rhode Island & New Hampshire
& City
NORTH UXBRIDGE
ACUSHNET 
Attleboro
Bellingham
Blackstone
Darthmouth
Dighton
Douglas
Fall River
Franklin
Marion
Milville
New Bedford
North Attleboro
North Dighton
Plainville
Rehoboth
Seekonk
SHELDONVILLE
Somerset
Swansea
Uxbridge
WEST WAREHAM
Westport
WESTPORT POINT
Wrentham","CBS

GT: State of Rhode Island & New Hampshire
& City
NORTH UXBRIDGE
ACUSHNET 
Attleboro
Bellingham
Blackstone
Darthmouth
Dighton
Douglas
Fall River
Franklin
Marion
Milville
New Bedford
North Attleboro
North Dighton
Plainville
Rehoboth
Seekonk
SHELDONVILLE
Somerset
Swansea
Uxbridge
WEST WAREHAM
Westport
WESTPORT POINT
Wrentham",IOC-0103449
201768,Lifespan - Lifespan Corporate Brand,CQ - Bariatric Bundle -01- 300x600 - RR,1521,1521,12,15.9,24.18,15.9,24.18,12/1/2015,12/31/2015,1,"GT: State of Rhode Island & New Hampshire
& City
NORTH UXBRIDGE
ACUSHNET 
Attleboro
Bellingham
Blackstone
Darthmouth
Dighton
Douglas
Fall River
Franklin
Marion
Milville
New Bedford
North Attleboro
North Dighton
Plainville
Rehoboth
Seekonk
SHELDONVILLE
Somerset
Swansea
Uxbridge
WEST WAREHAM
Westport
WESTPORT POINT
Wrentham","CBS

GT: State of Rhode Island & New Hampshire
& City
NORTH UXBRIDGE
ACUSHNET 
Attleboro
Bellingham
Blackstone
Darthmouth
Dighton
Douglas
Fall River
Franklin
Marion
Milville
New Bedford
North Attleboro
North Dighton
Plainville
Rehoboth
Seekonk
SHELDONVILLE
Somerset
Swansea
Uxbridge
WEST WAREHAM
Westport
WESTPORT POINT
Wrentham",IOC-0103449
201768,Lifespan - Lifespan Corporate Brand,CQ - Bariatric Bundle -01- 300x600 - RR,90202,90202,12,15.9,1434.21,15.9,1434.21,1/1/2016,1/31/2016,1,"GT: State of Rhode Island & New Hampshire
& City
NORTH UXBRIDGE
ACUSHNET 
Attleboro
Bellingham
Blackstone
Darthmouth
Dighton
Douglas
Fall River
Franklin
Marion
Milville
New Bedford
North Attleboro
North Dighton
Plainville
Rehoboth
Seekonk
SHELDONVILLE
Somerset
Swansea
Uxbridge
WEST WAREHAM
Westport
WESTPORT POINT
Wrentham","CBS

GT: State of Rhode Island & New Hampshire
& City
NORTH UXBRIDGE
ACUSHNET 
Attleboro
Bellingham
Blackstone
Darthmouth
Dighton
Douglas
Fall River
Franklin
Marion
Milville
New Bedford
North Attleboro
North Dighton
Plainville
Rehoboth
Seekonk
SHELDONVILLE
Somerset
Swansea
Uxbridge
WEST WAREHAM
Westport
WESTPORT POINT
Wrentham",IOC-0103449
201768,Lifespan - Lifespan Corporate Brand,CQ - Bariatric Bundle -01- 300x600 - RR,159849,159849,12,15.9,2541.6,15.9,2541.6,2/1/2016,2/28/2016,1,"GT: State of Rhode Island & New Hampshire
& City
NORTH UXBRIDGE
ACUSHNET 
Attleboro
Bellingham
Blackstone
Darthmouth
Dighton
Douglas
Fall River
Franklin
Marion
Milville
New Bedford
North Attleboro
North Dighton
Plainville
Rehoboth
Seekonk
SHELDONVILLE
Somerset
Swansea
Uxbridge
WEST WAREHAM
Westport
WESTPORT POINT
Wrentham","CBS

GT: State of Rhode Island & New Hampshire
& City
NORTH UXBRIDGE
ACUSHNET 
Attleboro
Bellingham
Blackstone
Darthmouth
Dighton
Douglas
Fall River
Franklin
Marion
Milville
New Bedford
North Attleboro
North Dighton
Plainville
Rehoboth
Seekonk
SHELDONVILLE
Somerset
Swansea
Uxbridge
WEST WAREHAM
Westport
WESTPORT POINT
Wrentham",IOC-0103449
201768,Lifespan - Lifespan Corporate Brand,CQ - Bariatric Bundle -01- 300x600 - RR,62893,62893,12,15.9,1000,15.9,1000,3/1/2016,3/31/2016,1,"GT: State of Rhode Island & New Hampshire
& City
NORTH UXBRIDGE
ACUSHNET 
Attleboro
Bellingham
Blackstone
Darthmouth
Dighton
Douglas
Fall River
Franklin
Marion
Milville
New Bedford
North Attleboro
North Dighton
Plainville
Rehoboth
Seekonk
SHELDONVILLE
Somerset
Swansea
Uxbridge
WEST WAREHAM
Westport
WESTPORT POINT
Wrentham","CBS

GT: State of Rhode Island & New Hampshire
& City
NORTH UXBRIDGE
ACUSHNET 
Attleboro
Bellingham
Blackstone
Darthmouth
Dighton
Douglas
Fall River
Franklin
Marion
Milville
New Bedford
North Attleboro
North Dighton
Plainville
Rehoboth
Seekonk
SHELDONVILLE
Somerset
Swansea
Uxbridge
WEST WAREHAM
Westport
WESTPORT POINT
Wrentham",IOC-0103449
201768,Lifespan - Lifespan Corporate Brand,CQ - Bariatric Bundle -01- 300x600 - RR,17354,62893,12,15.9,275.93,15.9,275.93,4/1/2016,4/30/2016,1,"GT: State of Rhode Island & New Hampshire
& City
NORTH UXBRIDGE
ACUSHNET 
Attleboro
Bellingham
Blackstone
Darthmouth
Dighton
Douglas
Fall River
Franklin
Marion
Milville
New Bedford
North Attleboro
North Dighton
Plainville
Rehoboth
Seekonk
SHELDONVILLE
Somerset
Swansea
Uxbridge
WEST WAREHAM
Westport
WESTPORT POINT
Wrentham","CBS

GT: State of Rhode Island & New Hampshire
& City
NORTH UXBRIDGE
ACUSHNET 
Attleboro
Bellingham
Blackstone
Darthmouth
Dighton
Douglas
Fall River
Franklin
Marion
Milville
New Bedford
North Attleboro
North Dighton
Plainville
Rehoboth
Seekonk
SHELDONVILLE
Somerset
Swansea
Uxbridge
WEST WAREHAM
Westport
WESTPORT POINT
Wrentham",IOC-0103449
201768,Lifespan - Lifespan Corporate Brand,CQ - Diabetes - Type 2 -01- 300x600 - RR,1086,1086,15.9,15.9,17.27,15.9,17.27,12/1/2015,12/31/2015,1,"GT: State of Rhode Island & New Hampshire
& City
NORTH UXBRIDGE
ACUSHNET 
Attleboro
Bellingham
Blackstone
Darthmouth
Dighton
Douglas
Fall River
Franklin
Marion
Milville
New Bedford
North Attleboro
North Dighton
Plainville
Rehoboth
Seekonk
SHELDONVILLE
Somerset
Swansea
Uxbridge
WEST WAREHAM
Westport
WESTPORT POINT
Wrentham","CBS

GT: State of Rhode Island & New Hampshire
& City
NORTH UXBRIDGE
ACUSHNET 
Attleboro
Bellingham
Blackstone
Darthmouth
Dighton
Douglas
Fall River
Franklin
Marion
Milville
New Bedford
North Attleboro
North Dighton
Plainville
Rehoboth
Seekonk
SHELDONVILLE
Somerset
Swansea
Uxbridge
WEST WAREHAM
Westport
WESTPORT POINT
Wrentham",IOC-0103449
201768,Lifespan - Lifespan Corporate Brand,CQ - Diabetes - Type 2 -01- 300x600 - RR,90714,90714,15.9,15.9,1442.35,15.9,1442.35,1/1/2016,1/31/2016,1,"GT: State of Rhode Island & New Hampshire
& City
NORTH UXBRIDGE
ACUSHNET 
Attleboro
Bellingham
Blackstone
Darthmouth
Dighton
Douglas
Fall River
Franklin
Marion
Milville
New Bedford
North Attleboro
North Dighton
Plainville
Rehoboth
Seekonk
SHELDONVILLE
Somerset
Swansea
Uxbridge
WEST WAREHAM
Westport
WESTPORT POINT
Wrentham","CBS

GT: State of Rhode Island & New Hampshire
& City
NORTH UXBRIDGE
ACUSHNET 
Attleboro
Bellingham
Blackstone
Darthmouth
Dighton
Douglas
Fall River
Franklin
Marion
Milville
New Bedford
North Attleboro
North Dighton
Plainville
Rehoboth
Seekonk
SHELDONVILLE
Somerset
Swansea
Uxbridge
WEST WAREHAM
Westport
WESTPORT POINT
Wrentham",IOC-0103449
201768,Lifespan - Lifespan Corporate Brand,CQ - Diabetes - Type 2 -01- 300x600 - RR,128326,128326,15.9,15.9,2040.38,15.9,2040.38,2/1/2016,2/28/2016,1,"GT: State of Rhode Island & New Hampshire
& City
NORTH UXBRIDGE
ACUSHNET 
Attleboro
Bellingham
Blackstone
Darthmouth
Dighton
Douglas
Fall River
Franklin
Marion
Milville
New Bedford
North Attleboro
North Dighton
Plainville
Rehoboth
Seekonk
SHELDONVILLE
Somerset
Swansea
Uxbridge
WEST WAREHAM
Westport
WESTPORT POINT
Wrentham","CBS

GT: State of Rhode Island & New Hampshire
& City
NORTH UXBRIDGE
ACUSHNET 
Attleboro
Bellingham
Blackstone
Darthmouth
Dighton
Douglas
Fall River
Franklin
Marion
Milville
New Bedford
North Attleboro
North Dighton
Plainville
Rehoboth
Seekonk
SHELDONVILLE
Somerset
Swansea
Uxbridge
WEST WAREHAM
Westport
WESTPORT POINT
Wrentham",IOC-0103449
201768,Lifespan - Lifespan Corporate Brand,CQ - Diabetes - Type 2 -01- 300x600 - RR,45607,62893,15.9,15.9,725.15,15.9,725.15,3/1/2016,3/31/2016,1,"GT: State of Rhode Island & New Hampshire
& City
NORTH UXBRIDGE
ACUSHNET 
Attleboro
Bellingham
Blackstone
Darthmouth
Dighton
Douglas
Fall River
Franklin
Marion
Milville
New Bedford
North Attleboro
North Dighton
Plainville
Rehoboth
Seekonk
SHELDONVILLE
Somerset
Swansea
Uxbridge
WEST WAREHAM
Westport
WESTPORT POINT
Wrentham","CBS

GT: State of Rhode Island & New Hampshire
& City
NORTH UXBRIDGE
ACUSHNET 
Attleboro
Bellingham
Blackstone
Darthmouth
Dighton
Douglas
Fall River
Franklin
Marion
Milville
New Bedford
North Attleboro
North Dighton
Plainville
Rehoboth
Seekonk
SHELDONVILLE
Somerset
Swansea
Uxbridge
WEST WAREHAM
Westport
WESTPORT POINT
Wrentham",IOC-0103449
201768,Lifespan - Lifespan Corporate Brand,CQ - Diabetes - Type 2 -01- 300x600 - RR,18868,51572,15.9,15.9,300,15.9,300,4/1/2016,4/30/2016,1,"GT: State of Rhode Island & New Hampshire
& City
NORTH UXBRIDGE
ACUSHNET 
Attleboro
Bellingham
Blackstone
Darthmouth
Dighton
Douglas
Fall River
Franklin
Marion
Milville
New Bedford
North Attleboro
North Dighton
Plainville
Rehoboth
Seekonk
SHELDONVILLE
Somerset
Swansea
Uxbridge
WEST WAREHAM
Westport
WESTPORT POINT
Wrentham","CBS

GT: State of Rhode Island & New Hampshire
& City
NORTH UXBRIDGE
ACUSHNET 
Attleboro
Bellingham
Blackstone
Darthmouth
Dighton
Douglas
Fall River
Franklin
Marion
Milville
New Bedford
North Attleboro
North Dighton
Plainville
Rehoboth
Seekonk
SHELDONVILLE
Somerset
Swansea
Uxbridge
WEST WAREHAM
Westport
WESTPORT POINT
Wrentham",IOC-0103449
201768,Lifespan - Lifespan Corporate Brand,HW - Diet and Weight Loss -01- 300x600 - RR,23333,23333,31.5,28.5,664.99,28.5,664.99,12/1/2015,12/31/2015,1,"GT: State of Rhode Island & New Hampshire
& City
NORTH UXBRIDGE
ACUSHNET 
Attleboro
Bellingham
Blackstone
Darthmouth
Dighton
Douglas
Fall River
Franklin
Marion
Milville
New Bedford
North Attleboro
North Dighton
Plainville
Rehoboth
Seekonk
SHELDONVILLE
Somerset
Swansea
Uxbridge
WEST WAREHAM
Westport
WESTPORT POINT
Wrentham","CBS

GT: State of Rhode Island & New Hampshire
& City
NORTH UXBRIDGE
ACUSHNET 
Attleboro
Bellingham
Blackstone
Darthmouth
Dighton
Douglas
Fall River
Franklin
Marion
Milville
New Bedford
North Attleboro
North Dighton
Plainville
Rehoboth
Seekonk
SHELDONVILLE
Somerset
Swansea
Uxbridge
WEST WAREHAM
Westport
WESTPORT POINT
Wrentham",IOC-0103449
201768,Lifespan - Lifespan Corporate Brand,HW - Diet and Weight Loss -01- 300x600 - RR,64325,64325,31.5,28.5,1833.26,28.5,1833.26,1/1/2016,1/31/2016,1,"GT: State of Rhode Island & New Hampshire
& City
NORTH UXBRIDGE
ACUSHNET 
Attleboro
Bellingham
Blackstone
Darthmouth
Dighton
Douglas
Fall River
Franklin
Marion
Milville
New Bedford
North Attleboro
North Dighton
Plainville
Rehoboth
Seekonk
SHELDONVILLE
Somerset
Swansea
Uxbridge
WEST WAREHAM
Westport
WESTPORT POINT
Wrentham","CBS

GT: State of Rhode Island & New Hampshire
& City
NORTH UXBRIDGE
ACUSHNET 
Attleboro
Bellingham
Blackstone
Darthmouth
Dighton
Douglas
Fall River
Franklin
Marion
Milville
New Bedford
North Attleboro
North Dighton
Plainville
Rehoboth
Seekonk
SHELDONVILLE
Somerset
Swansea
Uxbridge
WEST WAREHAM
Westport
WESTPORT POINT
Wrentham",IOC-0103449
201768,Lifespan - Lifespan Corporate Brand,HW - Diet and Weight Loss -01- 300x600 - RR,35149,35149,31.5,28.5,1001.75,28.5,1001.75,2/1/2016,2/28/2016,1,"GT: State of Rhode Island & New Hampshire
& City
NORTH UXBRIDGE
ACUSHNET 
Attleboro
Bellingham
Blackstone
Darthmouth
Dighton
Douglas
Fall River
Franklin
Marion
Milville
New Bedford
North Attleboro
North Dighton
Plainville
Rehoboth
Seekonk
SHELDONVILLE
Somerset
Swansea
Uxbridge
WEST WAREHAM
Westport
WESTPORT POINT
Wrentham","CBS

GT: State of Rhode Island & New Hampshire
& City
NORTH UXBRIDGE
ACUSHNET 
Attleboro
Bellingham
Blackstone
Darthmouth
Dighton
Douglas
Fall River
Franklin
Marion
Milville
New Bedford
North Attleboro
North Dighton
Plainville
Rehoboth
Seekonk
SHELDONVILLE
Somerset
Swansea
Uxbridge
WEST WAREHAM
Westport
WESTPORT POINT
Wrentham",IOC-0103449
201768,Lifespan - Lifespan Corporate Brand,HW - Diet and Weight Loss -01- 300x600 - RR,35088,35088,31.5,28.5,1000.01,28.5,1000.01,3/1/2016,3/31/2016,1,"GT: State of Rhode Island & New Hampshire
& City
NORTH UXBRIDGE
ACUSHNET 
Attleboro
Bellingham
Blackstone
Darthmouth
Dighton
Douglas
Fall River
Franklin
Marion
Milville
New Bedford
North Attleboro
North Dighton
Plainville
Rehoboth
Seekonk
SHELDONVILLE
Somerset
Swansea
Uxbridge
WEST WAREHAM
Westport
WESTPORT POINT
Wrentham","CBS

GT: State of Rhode Island & New Hampshire
& City
NORTH UXBRIDGE
ACUSHNET 
Attleboro
Bellingham
Blackstone
Darthmouth
Dighton
Douglas
Fall River
Franklin
Marion
Milville
New Bedford
North Attleboro
North Dighton
Plainville
Rehoboth
Seekonk
SHELDONVILLE
Somerset
Swansea
Uxbridge
WEST WAREHAM
Westport
WESTPORT POINT
Wrentham",IOC-0103449
201768,Lifespan - Lifespan Corporate Brand,HW - Diet and Weight Loss -01- 300x600 - RR,20351,20351,31.5,28.5,580,28.5,580,4/1/2016,4/30/2016,1,"GT: State of Rhode Island & New Hampshire
& City
NORTH UXBRIDGE
ACUSHNET 
Attleboro
Bellingham
Blackstone
Darthmouth
Dighton
Douglas
Fall River
Franklin
Marion
Milville
New Bedford
North Attleboro
North Dighton
Plainville
Rehoboth
Seekonk
SHELDONVILLE
Somerset
Swansea
Uxbridge
WEST WAREHAM
Westport
WESTPORT POINT
Wrentham","CBS

GT: State of Rhode Island & New Hampshire
& City
NORTH UXBRIDGE
ACUSHNET 
Attleboro
Bellingham
Blackstone
Darthmouth
Dighton
Douglas
Fall River
Franklin
Marion
Milville
New Bedford
North Attleboro
North Dighton
Plainville
Rehoboth
Seekonk
SHELDONVILLE
Somerset
Swansea
Uxbridge
WEST WAREHAM
Westport
WESTPORT POINT
Wrentham",IOC-0103449
201768,Lifespan - Lifespan Corporate Brand,WebMD - Audience - Diet_Weight Loss - US - 300x250 - RR,24995,0,30,12,299.94,12,299.94,4/1/2016,4/30/2016,1,"GT: State of Rhode Island & New Hampshire
& City
NORTH UXBRIDGE
ACUSHNET 
Attleboro
Bellingham
Blackstone
Darthmouth
Dighton
Douglas
Fall River
Franklin
Marion
Milville
New Bedford
North Attleboro
North Dighton
Plainville
Rehoboth
Seekonk
SHELDONVILLE
Somerset
Swansea
Uxbridge
WEST WAREHAM
Westport
WESTPORT POINT
Wrentham","CBS

GT: State of Rhode Island & New Hampshire
& City
NORTH UXBRIDGE
ACUSHNET 
Attleboro
Bellingham
Blackstone
Darthmouth
Dighton
Douglas
Fall River
Franklin
Marion
Milville
New Bedford
North Attleboro
North Dighton
Plainville
Rehoboth
Seekonk
SHELDONVILLE
Somerset
Swansea
Uxbridge
WEST WAREHAM
Westport
WESTPORT POINT
Wrentham",IOC-0103449
201768,Lifespan - Lifespan Corporate Brand,"WebMD - Audience - Diet_Weight Loss - US - 320x50,300x50,300x250 - InStr",28630,0,23.4,9.6,274.85,9.6,274.85,3/1/2016,3/31/2016,1,"GT: State of Rhode Island & New Hampshire
& City
NORTH UXBRIDGE
ACUSHNET 
Attleboro
Bellingham
Blackstone
Darthmouth
Dighton
Douglas
Fall River
Franklin
Marion
Milville
New Bedford
North Attleboro
North Dighton
Plainville
Rehoboth
Seekonk
SHELDONVILLE
Somerset
Swansea
Uxbridge
WEST WAREHAM
Westport
WESTPORT POINT
Wrentham","CBS

GT: State of Rhode Island & New Hampshire
& City
NORTH UXBRIDGE
ACUSHNET 
Attleboro
Bellingham
Blackstone
Darthmouth
Dighton
Douglas
Fall River
Franklin
Marion
Milville
New Bedford
North Attleboro
North Dighton
Plainville
Rehoboth
Seekonk
SHELDONVILLE
Somerset
Swansea
Uxbridge
WEST WAREHAM
Westport
WESTPORT POINT
Wrentham",IOC-0103449
201768,Lifespan - Lifespan Corporate Brand,"WebMD - Audience - Diet_Weight Loss - US - 320x50,300x50,300x250 - InStr",98347,0,23.4,9.6,944.13,9.6,944.13,4/1/2016,4/30/2016,1,"GT: State of Rhode Island & New Hampshire
& City
NORTH UXBRIDGE
ACUSHNET 
Attleboro
Bellingham
Blackstone
Darthmouth
Dighton
Douglas
Fall River
Franklin
Marion
Milville
New Bedford
North Attleboro
North Dighton
Plainville
Rehoboth
Seekonk
SHELDONVILLE
Somerset
Swansea
Uxbridge
WEST WAREHAM
Westport
WESTPORT POINT
Wrentham","CBS

GT: State of Rhode Island & New Hampshire
& City
NORTH UXBRIDGE
ACUSHNET 
Attleboro
Bellingham
Blackstone
Darthmouth
Dighton
Douglas
Fall River
Franklin
Marion
Milville
New Bedford
North Attleboro
North Dighton
Plainville
Rehoboth
Seekonk
SHELDONVILLE
Somerset
Swansea
Uxbridge
WEST WAREHAM
Westport
WESTPORT POINT
Wrentham",IOC-0103449
201768,Lifespan - Lifespan Corporate Brand,CC - Cancer -01- 300x250 - RR,348068,399061,23.7,21.3,7413.85,21.3,7413.85,2/1/2016,9/30/2016,1,"GT: State of Rhode Island & New Hampshire
& City
NORTH UXBRIDGE
ACUSHNET 
Attleboro
Bellingham
Blackstone
Darthmouth
Dighton
Douglas
Fall River
Franklin
Marion
Milville
New Bedford
North Attleboro
North Dighton
Plainville
Rehoboth
Seekonk
SHELDONVILLE
Somerset
Swansea
Uxbridge
WEST WAREHAM
Westport
WESTPORT POINT
Wrentham","CCC

GT: State of Rhode Island & New Hampshire
& City
NORTH UXBRIDGE
ACUSHNET 
Attleboro
Bellingham
Blackstone
Darthmouth
Dighton
Douglas
Fall River
Franklin
Marion
Milville
New Bedford
North Attleboro
North Dighton
Plainville
Rehoboth
Seekonk
SHELDONVILLE
Somerset
Swansea
Uxbridge
WEST WAREHAM
Westport
WESTPORT POINT
Wrentham",IOC-0103449
201768,Lifespan - Lifespan Corporate Brand,CC - Cancer -01- 300x600 - RR,209375,421053,31.5,28.5,5967.19,28.5,5967.19,2/1/2016,9/30/2016,1,"GT: State of Rhode Island & New Hampshire
& City
NORTH UXBRIDGE
ACUSHNET 
Attleboro
Bellingham
Blackstone
Darthmouth
Dighton
Douglas
Fall River
Franklin
Marion
Milville
New Bedford
North Attleboro
North Dighton
Plainville
Rehoboth
Seekonk
SHELDONVILLE
Somerset
Swansea
Uxbridge
WEST WAREHAM
Westport
WESTPORT POINT
Wrentham","CCC

GT: State of Rhode Island & New Hampshire
& City
NORTH UXBRIDGE
ACUSHNET 
Attleboro
Bellingham
Blackstone
Darthmouth
Dighton
Douglas
Fall River
Franklin
Marion
Milville
New Bedford
North Attleboro
North Dighton
Plainville
Rehoboth
Seekonk
SHELDONVILLE
Somerset
Swansea
Uxbridge
WEST WAREHAM
Westport
WESTPORT POINT
Wrentham",IOC-0103449
201768,Lifespan - Lifespan Corporate Brand,CQ - Cancer Bundle -01- 300x250 - RR,708333,708333,12,12,8500,12,8500,2/1/2016,9/30/2016,1,"GT: State of Rhode Island & New Hampshire
& City
NORTH UXBRIDGE
ACUSHNET 
Attleboro
Bellingham
Blackstone
Darthmouth
Dighton
Douglas
Fall River
Franklin
Marion
Milville
New Bedford
North Attleboro
North Dighton
Plainville
Rehoboth
Seekonk
SHELDONVILLE
Somerset
Swansea
Uxbridge
WEST WAREHAM
Westport
WESTPORT POINT
Wrentham","CCC

GT: State of Rhode Island & New Hampshire
& City
NORTH UXBRIDGE
ACUSHNET 
Attleboro
Bellingham
Blackstone
Darthmouth
Dighton
Douglas
Fall River
Franklin
Marion
Milville
New Bedford
North Attleboro
North Dighton
Plainville
Rehoboth
Seekonk
SHELDONVILLE
Somerset
Swansea
Uxbridge
WEST WAREHAM
Westport
WESTPORT POINT
Wrentham",IOC-0103449
201768,Lifespan - Lifespan Corporate Brand,CQ - Cancer Bundle -01- 300x600 - RR,754717,754716,12,15.9,12000,15.9,12000,2/1/2016,9/30/2016,1,"GT: State of Rhode Island & New Hampshire
& City
NORTH UXBRIDGE
ACUSHNET 
Attleboro
Bellingham
Blackstone
Darthmouth
Dighton
Douglas
Fall River
Franklin
Marion
Milville
New Bedford
North Attleboro
North Dighton
Plainville
Rehoboth
Seekonk
SHELDONVILLE
Somerset
Swansea
Uxbridge
WEST WAREHAM
Westport
WESTPORT POINT
Wrentham","CCC

GT: State of Rhode Island & New Hampshire
& City
NORTH UXBRIDGE
ACUSHNET 
Attleboro
Bellingham
Blackstone
Darthmouth
Dighton
Douglas
Fall River
Franklin
Marion
Milville
New Bedford
North Attleboro
North Dighton
Plainville
Rehoboth
Seekonk
SHELDONVILLE
Somerset
Swansea
Uxbridge
WEST WAREHAM
Westport
WESTPORT POINT
Wrentham",IOC-0103449
201768,Lifespan - Lifespan Corporate Brand,WebMD - Audience - Cancer - US - 300x250 - RR,90513,0,30,12,1086.16,12,1086.16,2/29/2016,9/30/2016,1,"GT: State of Rhode Island & New Hampshire
& City
NORTH UXBRIDGE
ACUSHNET 
Attleboro
Bellingham
Blackstone
Darthmouth
Dighton
Douglas
Fall River
Franklin
Marion
Milville
New Bedford
North Attleboro
North Dighton
Plainville
Rehoboth
Seekonk
SHELDONVILLE
Somerset
Swansea
Uxbridge
WEST WAREHAM
Westport
WESTPORT POINT
Wrentham","CCC

GT: State of Rhode Island & New Hampshire
& City
NORTH UXBRIDGE
ACUSHNET 
Attleboro
Bellingham
Blackstone
Darthmouth
Dighton
Douglas
Fall River
Franklin
Marion
Milville
New Bedford
North Attleboro
North Dighton
Plainville
Rehoboth
Seekonk
SHELDONVILLE
Somerset
Swansea
Uxbridge
WEST WAREHAM
Westport
WESTPORT POINT
Wrentham",IOC-0103449
201768,Lifespan - Lifespan Corporate Brand,"WebMD - Audience - Cancer - US - 320x50,300x50,300x250 - InStr",590018,590018,23.4,17.1,10089.31,17.1,10089.31,2/1/2016,9/30/2016,1,"GT: State of Rhode Island & New Hampshire
& City
NORTH UXBRIDGE
ACUSHNET 
Attleboro
Bellingham
Blackstone
Darthmouth
Dighton
Douglas
Fall River
Franklin
Marion
Milville
New Bedford
North Attleboro
North Dighton
Plainville
Rehoboth
Seekonk
SHELDONVILLE
Somerset
Swansea
Uxbridge
WEST WAREHAM
Westport
WESTPORT POINT
Wrentham","CCC

GT: State of Rhode Island & New Hampshire
& City
NORTH UXBRIDGE
ACUSHNET 
Attleboro
Bellingham
Blackstone
Darthmouth
Dighton
Douglas
Fall River
Franklin
Marion
Milville
New Bedford
North Attleboro
North Dighton
Plainville
Rehoboth
Seekonk
SHELDONVILLE
Somerset
Swansea
Uxbridge
WEST WAREHAM
Westport
WESTPORT POINT
Wrentham",IOC-0103449
201768,Lifespan - Lifespan Corporate Brand,"WebMD - Audience - Cancer - US - 320x50,300x50,300x250 - InStr",628418,0,23.4,9.6,6032.81,9.6,6032.81,2/29/2016,9/30/2016,1,"GT: State of Rhode Island & New Hampshire
& City
NORTH UXBRIDGE
ACUSHNET 
Attleboro
Bellingham
Blackstone
Darthmouth
Dighton
Douglas
Fall River
Franklin
Marion
Milville
New Bedford
North Attleboro
North Dighton
Plainville
Rehoboth
Seekonk
SHELDONVILLE
Somerset
Swansea
Uxbridge
WEST WAREHAM
Westport
WESTPORT POINT
Wrentham","CCC

GT: State of Rhode Island & New Hampshire
& City
NORTH UXBRIDGE
ACUSHNET 
Attleboro
Bellingham
Blackstone
Darthmouth
Dighton
Douglas
Fall River
Franklin
Marion
Milville
New Bedford
North Attleboro
North Dighton
Plainville
Rehoboth
Seekonk
SHELDONVILLE
Somerset
Swansea
Uxbridge
WEST WAREHAM
Westport
WESTPORT POINT
Wrentham",IOC-0103449
201768,Lifespan - Lifespan Corporate Brand,CC - Heart Disease -01- 300x600 - RR,122807,122807,31.5,28.5,3500,28.5,3500,10/1/2015,5/31/2016,1,"GT: State of Rhode Island & New Hampshire
& City
NORTH UXBRIDGE
ACUSHNET 
Attleboro
Bellingham
Blackstone
Darthmouth
Dighton
Douglas
Fall River
Franklin
Marion
Milville
New Bedford
North Attleboro
North Dighton
Plainville
Rehoboth
Seekonk
SHELDONVILLE
Somerset
Swansea
Uxbridge
WEST WAREHAM
Westport
WESTPORT POINT
Wrentham","CVI

GT: State of Rhode Island & New Hampshire
& City
NORTH UXBRIDGE
ACUSHNET 
Attleboro
Bellingham
Blackstone
Darthmouth
Dighton
Douglas
Fall River
Franklin
Marion
Milville
New Bedford
North Attleboro
North Dighton
Plainville
Rehoboth
Seekonk
SHELDONVILLE
Somerset
Swansea
Uxbridge
WEST WAREHAM
Westport
WESTPORT POINT
Wrentham",IOC-0103449
201768,Lifespan - Lifespan Corporate Brand,CC - Heart Disease -M01- 320x50 or 300x250 - InStr,323642,323642,24,17.1,5534.28,17.1,5534.28,10/1/2015,5/31/2016,1,"GT: State of Rhode Island & New Hampshire
& City
NORTH UXBRIDGE
ACUSHNET 
Attleboro
Bellingham
Blackstone
Darthmouth
Dighton
Douglas
Fall River
Franklin
Marion
Milville
New Bedford
North Attleboro
North Dighton
Plainville
Rehoboth
Seekonk
SHELDONVILLE
Somerset
Swansea
Uxbridge
WEST WAREHAM
Westport
WESTPORT POINT
Wrentham","CVI

GT: State of Rhode Island & New Hampshire
& City
NORTH UXBRIDGE
ACUSHNET 
Attleboro
Bellingham
Blackstone
Darthmouth
Dighton
Douglas
Fall River
Franklin
Marion
Milville
New Bedford
North Attleboro
North Dighton
Plainville
Rehoboth
Seekonk
SHELDONVILLE
Somerset
Swansea
Uxbridge
WEST WAREHAM
Westport
WESTPORT POINT
Wrentham",IOC-0103449
201768,Lifespan - Lifespan Corporate Brand,CQ - Heart Bundle -01- 300x600 - RR,949327,1037735,12,15.9,15094.3,15.9,15094.3,10/1/2015,5/31/2016,1,"GT: State of Rhode Island & New Hampshire
& City
NORTH UXBRIDGE
ACUSHNET 
Attleboro
Bellingham
Blackstone
Darthmouth
Dighton
Douglas
Fall River
Franklin
Marion
Milville
New Bedford
North Attleboro
North Dighton
Plainville
Rehoboth
Seekonk
SHELDONVILLE
Somerset
Swansea
Uxbridge
WEST WAREHAM
Westport
WESTPORT POINT
Wrentham","CVI

GT: State of Rhode Island & New Hampshire
& City
NORTH UXBRIDGE
ACUSHNET 
Attleboro
Bellingham
Blackstone
Darthmouth
Dighton
Douglas
Fall River
Franklin
Marion
Milville
New Bedford
North Attleboro
North Dighton
Plainville
Rehoboth
Seekonk
SHELDONVILLE
Somerset
Swansea
Uxbridge
WEST WAREHAM
Westport
WESTPORT POINT
Wrentham",IOC-0103449
201768,Lifespan - Lifespan Corporate Brand,WebMD - Audience - Heart Health - US - 300x250 - RR,34840,0,30,12,418.08,12,418.08,2/29/2016,5/31/2016,1,"GT: State of Rhode Island & New Hampshire
& City
NORTH UXBRIDGE
ACUSHNET 
Attleboro
Bellingham
Blackstone
Darthmouth
Dighton
Douglas
Fall River
Franklin
Marion
Milville
New Bedford
North Attleboro
North Dighton
Plainville
Rehoboth
Seekonk
SHELDONVILLE
Somerset
Swansea
Uxbridge
WEST WAREHAM
Westport
WESTPORT POINT
Wrentham","CVI

GT: State of Rhode Island & New Hampshire
& City
NORTH UXBRIDGE
ACUSHNET 
Attleboro
Bellingham
Blackstone
Darthmouth
Dighton
Douglas
Fall River
Franklin
Marion
Milville
New Bedford
North Attleboro
North Dighton
Plainville
Rehoboth
Seekonk
SHELDONVILLE
Somerset
Swansea
Uxbridge
WEST WAREHAM
Westport
WESTPORT POINT
Wrentham",IOC-0103449
201768,Lifespan - Lifespan Corporate Brand,"WebMD - Audience - Heart Health - US - 320x50,300x50,300x250 - InStr",102877,0,23.4,9.6,987.62,9.6,987.62,2/29/2016,5/31/2016,1,"GT: State of Rhode Island & New Hampshire
& City
NORTH UXBRIDGE
ACUSHNET 
Attleboro
Bellingham
Blackstone
Darthmouth
Dighton
Douglas
Fall River
Franklin
Marion
Milville
New Bedford
North Attleboro
North Dighton
Plainville
Rehoboth
Seekonk
SHELDONVILLE
Somerset
Swansea
Uxbridge
WEST WAREHAM
Westport
WESTPORT POINT
Wrentham","CVI

GT: State of Rhode Island & New Hampshire
& City
NORTH UXBRIDGE
ACUSHNET 
Attleboro
Bellingham
Blackstone
Darthmouth
Dighton
Douglas
Fall River
Franklin
Marion
Milville
New Bedford
North Attleboro
North Dighton
Plainville
Rehoboth
Seekonk
SHELDONVILLE
Somerset
Swansea
Uxbridge
WEST WAREHAM
Westport
WESTPORT POINT
Wrentham",IOC-0103449
201768,Lifespan - Lifespan Corporate Brand,HW - Parenting -01- 300x250 - RR,93897,93897,23.7,21.3,2000.01,21.3,2000.01,3/1/2016,9/30/2016,1,"GT: State of Rhode Island & New Hampshire
& City
NORTH UXBRIDGE
ACUSHNET 
Attleboro
Bellingham
Blackstone
Darthmouth
Dighton
Douglas
Fall River
Franklin
Marion
Milville
New Bedford
North Attleboro
North Dighton
Plainville
Rehoboth
Seekonk
SHELDONVILLE
Somerset
Swansea
Uxbridge
WEST WAREHAM
Westport
WESTPORT POINT
Wrentham","HASBRO

GT: State of Rhode Island & New Hampshire
& City
NORTH UXBRIDGE
ACUSHNET 
Attleboro
Bellingham
Blackstone
Darthmouth
Dighton
Douglas
Fall River
Franklin
Marion
Milville
New Bedford
North Attleboro
North Dighton
Plainville
Rehoboth
Seekonk
SHELDONVILLE
Somerset
Swansea
Uxbridge
WEST WAREHAM
Westport
WESTPORT POINT
Wrentham",IOC-0103449
201768,Lifespan - Lifespan Corporate Brand,HW - Parenting -01- 300x600 - RR,192982,192982,31.5,28.5,5499.99,28.5,5499.99,3/1/2016,9/30/2016,1,"GT: State of Rhode Island & New Hampshire
& City
NORTH UXBRIDGE
ACUSHNET 
Attleboro
Bellingham
Blackstone
Darthmouth
Dighton
Douglas
Fall River
Franklin
Marion
Milville
New Bedford
North Attleboro
North Dighton
Plainville
Rehoboth
Seekonk
SHELDONVILLE
Somerset
Swansea
Uxbridge
WEST WAREHAM
Westport
WESTPORT POINT
Wrentham","HASBRO

GT: State of Rhode Island & New Hampshire
& City
NORTH UXBRIDGE
ACUSHNET 
Attleboro
Bellingham
Blackstone
Darthmouth
Dighton
Douglas
Fall River
Franklin
Marion
Milville
New Bedford
North Attleboro
North Dighton
Plainville
Rehoboth
Seekonk
SHELDONVILLE
Somerset
Swansea
Uxbridge
WEST WAREHAM
Westport
WESTPORT POINT
Wrentham",IOC-0103449
201768,Lifespan - Lifespan Corporate Brand,LifestyleQual - Mom -01- 300x250 - RR,166667,166667,12,12,2000,12,2000,3/1/2016,9/30/2016,1,"GT: State of Rhode Island & New Hampshire
& City
NORTH UXBRIDGE
ACUSHNET 
Attleboro
Bellingham
Blackstone
Darthmouth
Dighton
Douglas
Fall River
Franklin
Marion
Milville
New Bedford
North Attleboro
North Dighton
Plainville
Rehoboth
Seekonk
SHELDONVILLE
Somerset
Swansea
Uxbridge
WEST WAREHAM
Westport
WESTPORT POINT
Wrentham","HASBRO

GT: State of Rhode Island & New Hampshire
& City
NORTH UXBRIDGE
ACUSHNET 
Attleboro
Bellingham
Blackstone
Darthmouth
Dighton
Douglas
Fall River
Franklin
Marion
Milville
New Bedford
North Attleboro
North Dighton
Plainville
Rehoboth
Seekonk
SHELDONVILLE
Somerset
Swansea
Uxbridge
WEST WAREHAM
Westport
WESTPORT POINT
Wrentham",IOC-0103449
201768,Lifespan - Lifespan Corporate Brand,LifestyleQual - Mom -01- 300x600 - RR,471698,471698,15.9,15.9,7500,15.9,7500,3/1/2016,9/30/2016,1,"GT: State of Rhode Island & New Hampshire
& City
NORTH UXBRIDGE
ACUSHNET 
Attleboro
Bellingham
Blackstone
Darthmouth
Dighton
Douglas
Fall River
Franklin
Marion
Milville
New Bedford
North Attleboro
North Dighton
Plainville
Rehoboth
Seekonk
SHELDONVILLE
Somerset
Swansea
Uxbridge
WEST WAREHAM
Westport
WESTPORT POINT
Wrentham","HASBRO

GT: State of Rhode Island & New Hampshire
& City
NORTH UXBRIDGE
ACUSHNET 
Attleboro
Bellingham
Blackstone
Darthmouth
Dighton
Douglas
Fall River
Franklin
Marion
Milville
New Bedford
North Attleboro
North Dighton
Plainville
Rehoboth
Seekonk
SHELDONVILLE
Somerset
Swansea
Uxbridge
WEST WAREHAM
Westport
WESTPORT POINT
Wrentham",IOC-0103449
201768,Lifespan - Lifespan Corporate Brand,"WebMD - Audience - Parenting - US - 320x50,300x50,300x250 - InStr",354109,354109,23.4,17.1,6055.26,17.1,6055.26,3/1/2016,9/30/2016,1,"GT: State of Rhode Island & New Hampshire
& City
NORTH UXBRIDGE
ACUSHNET 
Attleboro
Bellingham
Blackstone
Darthmouth
Dighton
Douglas
Fall River
Franklin
Marion
Milville
New Bedford
North Attleboro
North Dighton
Plainville
Rehoboth
Seekonk
SHELDONVILLE
Somerset
Swansea
Uxbridge
WEST WAREHAM
Westport
WESTPORT POINT
Wrentham","HASBRO

GT: State of Rhode Island & New Hampshire
& City
NORTH UXBRIDGE
ACUSHNET 
Attleboro
Bellingham
Blackstone
Darthmouth
Dighton
Douglas
Fall River
Franklin
Marion
Milville
New Bedford
North Attleboro
North Dighton
Plainville
Rehoboth
Seekonk
SHELDONVILLE
Somerset
Swansea
Uxbridge
WEST WAREHAM
Westport
WESTPORT POINT
Wrentham",IOC-0103449
201768,Lifespan - Lifespan Corporate Brand,CC - Brain and Nervous -01- 300x250 - RR,42194,42194,23.7,23.7,1000,23.7,1000,1/1/2016,9/30/2016,1,"GT: State of Rhode Island & New Hampshire
& City
NORTH UXBRIDGE
ACUSHNET 
Attleboro
Bellingham
Blackstone
Darthmouth
Dighton
Douglas
Fall River
Franklin
Marion
Milville
New Bedford
North Attleboro
North Dighton
Plainville
Rehoboth
Seekonk
SHELDONVILLE
Somerset
Swansea
Uxbridge
WEST WAREHAM
Westport
WESTPORT POINT
Wrentham","NEURO

GT: State of Rhode Island & New Hampshire
& City
NORTH UXBRIDGE
ACUSHNET 
Attleboro
Bellingham
Blackstone
Darthmouth
Dighton
Douglas
Fall River
Franklin
Marion
Milville
New Bedford
North Attleboro
North Dighton
Plainville
Rehoboth
Seekonk
SHELDONVILLE
Somerset
Swansea
Uxbridge
WEST WAREHAM
Westport
WESTPORT POINT
Wrentham",IOC-0103449
201768,Lifespan - Lifespan Corporate Brand,CC - Brain and Nervous -01- 300x600 - RR,41270,41270,31.5,31.5,1300.01,31.5,1300.01,1/1/2016,9/30/2016,1,"GT: State of Rhode Island & New Hampshire
& City
NORTH UXBRIDGE
ACUSHNET 
Attleboro
Bellingham
Blackstone
Darthmouth
Dighton
Douglas
Fall River
Franklin
Marion
Milville
New Bedford
North Attleboro
North Dighton
Plainville
Rehoboth
Seekonk
SHELDONVILLE
Somerset
Swansea
Uxbridge
WEST WAREHAM
Westport
WESTPORT POINT
Wrentham","NEURO

GT: State of Rhode Island & New Hampshire
& City
NORTH UXBRIDGE
ACUSHNET 
Attleboro
Bellingham
Blackstone
Darthmouth
Dighton
Douglas
Fall River
Franklin
Marion
Milville
New Bedford
North Attleboro
North Dighton
Plainville
Rehoboth
Seekonk
SHELDONVILLE
Somerset
Swansea
Uxbridge
WEST WAREHAM
Westport
WESTPORT POINT
Wrentham",IOC-0103449
201768,Lifespan - Lifespan Corporate Brand,WebMD - Audience - Brain_Nervous System Disorders - US - 300x250 - RR,191892,208333,30,12,2302.7,12,2302.7,1/1/2016,9/30/2016,1,"GT: State of Rhode Island & New Hampshire
& City
NORTH UXBRIDGE
ACUSHNET 
Attleboro
Bellingham
Blackstone
Darthmouth
Dighton
Douglas
Fall River
Franklin
Marion
Milville
New Bedford
North Attleboro
North Dighton
Plainville
Rehoboth
Seekonk
SHELDONVILLE
Somerset
Swansea
Uxbridge
WEST WAREHAM
Westport
WESTPORT POINT
Wrentham","NEURO

GT: State of Rhode Island & New Hampshire
& City
NORTH UXBRIDGE
ACUSHNET 
Attleboro
Bellingham
Blackstone
Darthmouth
Dighton
Douglas
Fall River
Franklin
Marion
Milville
New Bedford
North Attleboro
North Dighton
Plainville
Rehoboth
Seekonk
SHELDONVILLE
Somerset
Swansea
Uxbridge
WEST WAREHAM
Westport
WESTPORT POINT
Wrentham",IOC-0103449
201768,Lifespan - Lifespan Corporate Brand,WebMD - Audience - Brain_Nervous System Disorders - US - 300x250 - RR,100000,0,30,12,1200,12,1200,2/29/2016,9/30/2016,1,"GT: State of Rhode Island & New Hampshire
& City
NORTH UXBRIDGE
ACUSHNET 
Attleboro
Bellingham
Blackstone
Darthmouth
Dighton
Douglas
Fall River
Franklin
Marion
Milville
New Bedford
North Attleboro
North Dighton
Plainville
Rehoboth
Seekonk
SHELDONVILLE
Somerset
Swansea
Uxbridge
WEST WAREHAM
Westport
WESTPORT POINT
Wrentham","NEURO

GT: State of Rhode Island & New Hampshire
& City
NORTH UXBRIDGE
ACUSHNET 
Attleboro
Bellingham
Blackstone
Darthmouth
Dighton
Douglas
Fall River
Franklin
Marion
Milville
New Bedford
North Attleboro
North Dighton
Plainville
Rehoboth
Seekonk
SHELDONVILLE
Somerset
Swansea
Uxbridge
WEST WAREHAM
Westport
WESTPORT POINT
Wrentham",IOC-0103449
201768,Lifespan - Lifespan Corporate Brand,WebMD - Audience - Brain_Nervous System Disorders - US - 300x600 - RR,148815,148815,40.2,16.8,2500.09,16.8,2500.09,1/1/2016,9/30/2016,1,"GT: State of Rhode Island & New Hampshire
& City
NORTH UXBRIDGE
ACUSHNET 
Attleboro
Bellingham
Blackstone
Darthmouth
Dighton
Douglas
Fall River
Franklin
Marion
Milville
New Bedford
North Attleboro
North Dighton
Plainville
Rehoboth
Seekonk
SHELDONVILLE
Somerset
Swansea
Uxbridge
WEST WAREHAM
Westport
WESTPORT POINT
Wrentham","NEURO

GT: State of Rhode Island & New Hampshire
& City
NORTH UXBRIDGE
ACUSHNET 
Attleboro
Bellingham
Blackstone
Darthmouth
Dighton
Douglas
Fall River
Franklin
Marion
Milville
New Bedford
North Attleboro
North Dighton
Plainville
Rehoboth
Seekonk
SHELDONVILLE
Somerset
Swansea
Uxbridge
WEST WAREHAM
Westport
WESTPORT POINT
Wrentham",IOC-0103449
201768,Lifespan - Lifespan Corporate Brand,WebMD - Audience - Brain_Nervous System Disorders - US - 300x600 - RR,11744,0,40.2,16.8,197.3,16.8,197.3,2/29/2016,9/30/2016,1,"GT: State of Rhode Island & New Hampshire
& City
NORTH UXBRIDGE
ACUSHNET 
Attleboro
Bellingham
Blackstone
Darthmouth
Dighton
Douglas
Fall River
Franklin
Marion
Milville
New Bedford
North Attleboro
North Dighton
Plainville
Rehoboth
Seekonk
SHELDONVILLE
Somerset
Swansea
Uxbridge
WEST WAREHAM
Westport
WESTPORT POINT
Wrentham","NEURO

GT: State of Rhode Island & New Hampshire
& City
NORTH UXBRIDGE
ACUSHNET 
Attleboro
Bellingham
Blackstone
Darthmouth
Dighton
Douglas
Fall River
Franklin
Marion
Milville
New Bedford
North Attleboro
North Dighton
Plainville
Rehoboth
Seekonk
SHELDONVILLE
Somerset
Swansea
Uxbridge
WEST WAREHAM
Westport
WESTPORT POINT
Wrentham",IOC-0103449
201768,Lifespan - Lifespan Corporate Brand,"WebMD - Audience - Brain_Nervous System Disorders - US - 320x50,300x50,300x250 -",33333,72917,23.4,24,799.99,24,799.99,1/1/2016,9/30/2016,1,"GT: State of Rhode Island & New Hampshire
& City
NORTH UXBRIDGE
ACUSHNET 
Attleboro
Bellingham
Blackstone
Darthmouth
Dighton
Douglas
Fall River
Franklin
Marion
Milville
New Bedford
North Attleboro
North Dighton
Plainville
Rehoboth
Seekonk
SHELDONVILLE
Somerset
Swansea
Uxbridge
WEST WAREHAM
Westport
WESTPORT POINT
Wrentham","NEURO

GT: State of Rhode Island & New Hampshire
& City
NORTH UXBRIDGE
ACUSHNET 
Attleboro
Bellingham
Blackstone
Darthmouth
Dighton
Douglas
Fall River
Franklin
Marion
Milville
New Bedford
North Attleboro
North Dighton
Plainville
Rehoboth
Seekonk
SHELDONVILLE
Somerset
Swansea
Uxbridge
WEST WAREHAM
Westport
WESTPORT POINT
Wrentham",IOC-0103449
201768,Lifespan - Lifespan Corporate Brand,"WebMD - Audience - Brain_Nervous System Disorders - US - 320x50,300x50,300x250 -",83333,183333,23.4,12,1000,12,1000,1/1/2016,9/30/2016,1,"GT: State of Rhode Island & New Hampshire
& City
NORTH UXBRIDGE
ACUSHNET 
Attleboro
Bellingham
Blackstone
Darthmouth
Dighton
Douglas
Fall River
Franklin
Marion
Milville
New Bedford
North Attleboro
North Dighton
Plainville
Rehoboth
Seekonk
SHELDONVILLE
Somerset
Swansea
Uxbridge
WEST WAREHAM
Westport
WESTPORT POINT
Wrentham","NEURO

GT: State of Rhode Island & New Hampshire
& City
NORTH UXBRIDGE
ACUSHNET 
Attleboro
Bellingham
Blackstone
Darthmouth
Dighton
Douglas
Fall River
Franklin
Marion
Milville
New Bedford
North Attleboro
North Dighton
Plainville
Rehoboth
Seekonk
SHELDONVILLE
Somerset
Swansea
Uxbridge
WEST WAREHAM
Westport
WESTPORT POINT
Wrentham",IOC-0103449
201768,Lifespan - Lifespan Corporate Brand,"WebMD - Audience - Brain_Nervous System Disorders - US - 320x50,300x50,300x250 -",98958,0,23.4,9.6,950,9.6,950,2/29/2016,9/30/2016,1,"GT: State of Rhode Island & New Hampshire
& City
NORTH UXBRIDGE
ACUSHNET 
Attleboro
Bellingham
Blackstone
Darthmouth
Dighton
Douglas
Fall River
Franklin
Marion
Milville
New Bedford
North Attleboro
North Dighton
Plainville
Rehoboth
Seekonk
SHELDONVILLE
Somerset
Swansea
Uxbridge
WEST WAREHAM
Westport
WESTPORT POINT
Wrentham","NEURO

GT: State of Rhode Island & New Hampshire
& City
NORTH UXBRIDGE
ACUSHNET 
Attleboro
Bellingham
Blackstone
Darthmouth
Dighton
Douglas
Fall River
Franklin
Marion
Milville
New Bedford
North Attleboro
North Dighton
Plainville
Rehoboth
Seekonk
SHELDONVILLE
Somerset
Swansea
Uxbridge
WEST WAREHAM
Westport
WESTPORT POINT
Wrentham",IOC-0103449
201768,Lifespan - Lifespan Corporate Brand,CC - Osteoarthritis -01- 300x250 - RR,35492,35492,47.1,42.9,1522.61,42.9,1522.61,3/1/2016,7/31/2016,1,"GT: State of Rhode Island & New Hampshire
& City
NORTH UXBRIDGE
ACUSHNET 
Attleboro
Bellingham
Blackstone
Darthmouth
Dighton
Douglas
Fall River
Franklin
Marion
Milville
New Bedford
North Attleboro
North Dighton
Plainville
Rehoboth
Seekonk
SHELDONVILLE
Somerset
Swansea
Uxbridge
WEST WAREHAM
Westport
WESTPORT POINT
Wrentham","Ortho

GT: State of Rhode Island & New Hampshire
& City
NORTH UXBRIDGE
ACUSHNET 
Attleboro
Bellingham
Blackstone
Darthmouth
Dighton
Douglas
Fall River
Franklin
Marion
Milville
New Bedford
North Attleboro
North Dighton
Plainville
Rehoboth
Seekonk
SHELDONVILLE
Somerset
Swansea
Uxbridge
WEST WAREHAM
Westport
WESTPORT POINT
Wrentham",IOC-0103449
201768,Lifespan - Lifespan Corporate Brand,CC - Osteoarthritis -01- 300x250 - RR,14782,0,47.1,42.9,634.15,42.9,634.15,3/1/2016,7/31/2016,1,"GT: State of Rhode Island & New Hampshire
& City
NORTH UXBRIDGE
ACUSHNET 
Attleboro
Bellingham
Blackstone
Darthmouth
Dighton
Douglas
Fall River
Franklin
Marion
Milville
New Bedford
North Attleboro
North Dighton
Plainville
Rehoboth
Seekonk
SHELDONVILLE
Somerset
Swansea
Uxbridge
WEST WAREHAM
Westport
WESTPORT POINT
Wrentham","Ortho

GT: State of Rhode Island & New Hampshire
& City
NORTH UXBRIDGE
ACUSHNET 
Attleboro
Bellingham
Blackstone
Darthmouth
Dighton
Douglas
Fall River
Franklin
Marion
Milville
New Bedford
North Attleboro
North Dighton
Plainville
Rehoboth
Seekonk
SHELDONVILLE
Somerset
Swansea
Uxbridge
WEST WAREHAM
Westport
WESTPORT POINT
Wrentham",IOC-0103449
201768,Lifespan - Lifespan Corporate Brand,CC - Osteoarthritis -01- 300x600 - RR,28937,28937,63,57,1649.41,57,1649.41,3/1/2016,7/31/2016,1,"GT: State of Rhode Island & New Hampshire
& City
NORTH UXBRIDGE
ACUSHNET 
Attleboro
Bellingham
Blackstone
Darthmouth
Dighton
Douglas
Fall River
Franklin
Marion
Milville
New Bedford
North Attleboro
North Dighton
Plainville
Rehoboth
Seekonk
SHELDONVILLE
Somerset
Swansea
Uxbridge
WEST WAREHAM
Westport
WESTPORT POINT
Wrentham","Ortho

GT: State of Rhode Island & New Hampshire
& City
NORTH UXBRIDGE
ACUSHNET 
Attleboro
Bellingham
Blackstone
Darthmouth
Dighton
Douglas
Fall River
Franklin
Marion
Milville
New Bedford
North Attleboro
North Dighton
Plainville
Rehoboth
Seekonk
SHELDONVILLE
Somerset
Swansea
Uxbridge
WEST WAREHAM
Westport
WESTPORT POINT
Wrentham",IOC-0103449
201768,Lifespan - Lifespan Corporate Brand,CC - Osteoarthritis -01- 300x600 - RR,3800,0,63,57,216.6,57,216.6,3/1/2016,7/31/2016,1,"GT: State of Rhode Island & New Hampshire
& City
NORTH UXBRIDGE
ACUSHNET 
Attleboro
Bellingham
Blackstone
Darthmouth
Dighton
Douglas
Fall River
Franklin
Marion
Milville
New Bedford
North Attleboro
North Dighton
Plainville
Rehoboth
Seekonk
SHELDONVILLE
Somerset
Swansea
Uxbridge
WEST WAREHAM
Westport
WESTPORT POINT
Wrentham","Ortho

GT: State of Rhode Island & New Hampshire
& City
NORTH UXBRIDGE
ACUSHNET 
Attleboro
Bellingham
Blackstone
Darthmouth
Dighton
Douglas
Fall River
Franklin
Marion
Milville
New Bedford
North Attleboro
North Dighton
Plainville
Rehoboth
Seekonk
SHELDONVILLE
Somerset
Swansea
Uxbridge
WEST WAREHAM
Westport
WESTPORT POINT
Wrentham",IOC-0103449
201768,Lifespan - Lifespan Corporate Brand,CQ - Ortho Bundle -01- 300x600 - RR,491280,491280,12,17.1,8400.89,17.1,8400.89,3/1/2016,7/31/2016,1,"GT: State of Rhode Island & New Hampshire
& City
NORTH UXBRIDGE
ACUSHNET 
Attleboro
Bellingham
Blackstone
Darthmouth
Dighton
Douglas
Fall River
Franklin
Marion
Milville
New Bedford
North Attleboro
North Dighton
Plainville
Rehoboth
Seekonk
SHELDONVILLE
Somerset
Swansea
Uxbridge
WEST WAREHAM
Westport
WESTPORT POINT
Wrentham","Ortho

GT: State of Rhode Island & New Hampshire
& City
NORTH UXBRIDGE
ACUSHNET 
Attleboro
Bellingham
Blackstone
Darthmouth
Dighton
Douglas
Fall River
Franklin
Marion
Milville
New Bedford
North Attleboro
North Dighton
Plainville
Rehoboth
Seekonk
SHELDONVILLE
Somerset
Swansea
Uxbridge
WEST WAREHAM
Westport
WESTPORT POINT
Wrentham",IOC-0103449
201768,Lifespan - Lifespan Corporate Brand,HW - Sprains Injuries Cramps -01- 300x600 - RR,50074,50074,31.5,28.5,1427.11,28.5,1427.11,3/1/2016,7/31/2016,1,"GT: State of Rhode Island & New Hampshire
& City
NORTH UXBRIDGE
ACUSHNET 
Attleboro
Bellingham
Blackstone
Darthmouth
Dighton
Douglas
Fall River
Franklin
Marion
Milville
New Bedford
North Attleboro
North Dighton
Plainville
Rehoboth
Seekonk
SHELDONVILLE
Somerset
Swansea
Uxbridge
WEST WAREHAM
Westport
WESTPORT POINT
Wrentham","Ortho

GT: State of Rhode Island & New Hampshire
& City
NORTH UXBRIDGE
ACUSHNET 
Attleboro
Bellingham
Blackstone
Darthmouth
Dighton
Douglas
Fall River
Franklin
Marion
Milville
New Bedford
North Attleboro
North Dighton
Plainville
Rehoboth
Seekonk
SHELDONVILLE
Somerset
Swansea
Uxbridge
WEST WAREHAM
Westport
WESTPORT POINT
Wrentham",IOC-0103449
201768,Lifespan - Lifespan Corporate Brand,"WebMD - Audience - Osteoarthritis - US - 320x50,300x50,300x250 - InStr",377606,377606,23.4,7.8,2945.33,7.8,2945.33,3/1/2016,7/31/2016,1,"GT: State of Rhode Island & New Hampshire
& City
NORTH UXBRIDGE
ACUSHNET 
Attleboro
Bellingham
Blackstone
Darthmouth
Dighton
Douglas
Fall River
Franklin
Marion
Milville
New Bedford
North Attleboro
North Dighton
Plainville
Rehoboth
Seekonk
SHELDONVILLE
Somerset
Swansea
Uxbridge
WEST WAREHAM
Westport
WESTPORT POINT
Wrentham","Ortho

GT: State of Rhode Island & New Hampshire
& City
NORTH UXBRIDGE
ACUSHNET 
Attleboro
Bellingham
Blackstone
Darthmouth
Dighton
Douglas
Fall River
Franklin
Marion
Milville
New Bedford
North Attleboro
North Dighton
Plainville
Rehoboth
Seekonk
SHELDONVILLE
Somerset
Swansea
Uxbridge
WEST WAREHAM
Westport
WESTPORT POINT
Wrentham",IOC-0103449
201768,Lifespan - Lifespan Corporate Brand,"WebMD - Audience - Osteoarthritis - US - 320x50,300x50,300x250 - InStr",78284,0,23.4,7.8,610.62,7.8,610.62,3/1/2016,7/31/2016,1,"GT: State of Rhode Island & New Hampshire
& City
NORTH UXBRIDGE
ACUSHNET 
Attleboro
Bellingham
Blackstone
Darthmouth
Dighton
Douglas
Fall River
Franklin
Marion
Milville
New Bedford
North Attleboro
North Dighton
Plainville
Rehoboth
Seekonk
SHELDONVILLE
Somerset
Swansea
Uxbridge
WEST WAREHAM
Westport
WESTPORT POINT
Wrentham","Ortho

GT: State of Rhode Island & New Hampshire
& City
NORTH UXBRIDGE
ACUSHNET 
Attleboro
Bellingham
Blackstone
Darthmouth
Dighton
Douglas
Fall River
Franklin
Marion
Milville
New Bedford
North Attleboro
North Dighton
Plainville
Rehoboth
Seekonk
SHELDONVILLE
Somerset
Swansea
Uxbridge
WEST WAREHAM
Westport
WESTPORT POINT
Wrentham",IOC-0103449
201768,Lifespan - Lifespan Corporate Brand,CC - Osteoarthritis -01- 300x250 - RR,31838,46620,47.1,42.9,1365.85,42.9,1365.85,10/1/2015,1/31/2016,1,"GT: State of Rhode Island & New Hampshire
& City
NORTH UXBRIDGE
ACUSHNET 
Attleboro
Bellingham
Blackstone
Darthmouth
Dighton
Douglas
Fall River
Franklin
Marion
Milville
New Bedford
North Attleboro
North Dighton
Plainville
Rehoboth
Seekonk
SHELDONVILLE
Somerset
Swansea
Uxbridge
WEST WAREHAM
Westport
WESTPORT POINT
Wrentham","TJC

GT: State of Rhode Island & New Hampshire
& City
NORTH UXBRIDGE
ACUSHNET 
Attleboro
Bellingham
Blackstone
Darthmouth
Dighton
Douglas
Fall River
Franklin
Marion
Milville
New Bedford
North Attleboro
North Dighton
Plainville
Rehoboth
Seekonk
SHELDONVILLE
Somerset
Swansea
Uxbridge
WEST WAREHAM
Westport
WESTPORT POINT
Wrentham",IOC-0103449
201768,Lifespan - Lifespan Corporate Brand,CC - Osteoarthritis -01- 300x600 - RR,22516,26316,63,57,1283.41,57,1283.41,10/1/2015,1/31/2016,1,"GT: State of Rhode Island & New Hampshire
& City
NORTH UXBRIDGE
ACUSHNET 
Attleboro
Bellingham
Blackstone
Darthmouth
Dighton
Douglas
Fall River
Franklin
Marion
Milville
New Bedford
North Attleboro
North Dighton
Plainville
Rehoboth
Seekonk
SHELDONVILLE
Somerset
Swansea
Uxbridge
WEST WAREHAM
Westport
WESTPORT POINT
Wrentham","TJC

GT: State of Rhode Island & New Hampshire
& City
NORTH UXBRIDGE
ACUSHNET 
Attleboro
Bellingham
Blackstone
Darthmouth
Dighton
Douglas
Fall River
Franklin
Marion
Milville
New Bedford
North Attleboro
North Dighton
Plainville
Rehoboth
Seekonk
SHELDONVILLE
Somerset
Swansea
Uxbridge
WEST WAREHAM
Westport
WESTPORT POINT
Wrentham",IOC-0103449
201768,Lifespan - Lifespan Corporate Brand,Consumer - CDT - Interest - Osteoarthritis -M01- 320x50 InStr - US,178126,256410,14.4,7.8,1389.38,7.8,1389.38,10/1/2015,1/31/2016,1,"GT: State of Rhode Island & New Hampshire
& City
NORTH UXBRIDGE
ACUSHNET 
Attleboro
Bellingham
Blackstone
Darthmouth
Dighton
Douglas
Fall River
Franklin
Marion
Milville
New Bedford
North Attleboro
North Dighton
Plainville
Rehoboth
Seekonk
SHELDONVILLE
Somerset
Swansea
Uxbridge
WEST WAREHAM
Westport
WESTPORT POINT
Wrentham","TJC

GT: State of Rhode Island & New Hampshire
& City
NORTH UXBRIDGE
ACUSHNET 
Attleboro
Bellingham
Blackstone
Darthmouth
Dighton
Douglas
Fall River
Franklin
Marion
Milville
New Bedford
North Attleboro
North Dighton
Plainville
Rehoboth
Seekonk
SHELDONVILLE
Somerset
Swansea
Uxbridge
WEST WAREHAM
Westport
WESTPORT POINT
Wrentham",IOC-0103449
201768,Lifespan - Lifespan Corporate Brand,CQ - Ortho Bundle -01- 300x600 - RR,146199,146199,12,17.1,2500,17.1,2500,10/1/2015,1/31/2016,1,"GT: State of Rhode Island & New Hampshire
& City
NORTH UXBRIDGE
ACUSHNET 
Attleboro
Bellingham
Blackstone
Darthmouth
Dighton
Douglas
Fall River
Franklin
Marion
Milville
New Bedford
North Attleboro
North Dighton
Plainville
Rehoboth
Seekonk
SHELDONVILLE
Somerset
Swansea
Uxbridge
WEST WAREHAM
Westport
WESTPORT POINT
Wrentham","TJC

GT: State of Rhode Island & New Hampshire
& City
NORTH UXBRIDGE
ACUSHNET 
Attleboro
Bellingham
Blackstone
Darthmouth
Dighton
Douglas
Fall River
Franklin
Marion
Milville
New Bedford
North Attleboro
North Dighton
Plainville
Rehoboth
Seekonk
SHELDONVILLE
Somerset
Swansea
Uxbridge
WEST WAREHAM
Westport
WESTPORT POINT
Wrentham",IOC-0103449
201768,Lifespan - Lifespan Corporate Brand,HW - Sprains Injuries Cramps -01- 300x600 - RR,35088,35088,31.5,28.5,1000.01,28.5,1000.01,10/1/2015,1/31/2016,1,"GT: State of Rhode Island & New Hampshire
& City
NORTH UXBRIDGE
ACUSHNET 
Attleboro
Bellingham
Blackstone
Darthmouth
Dighton
Douglas
Fall River
Franklin
Marion
Milville
New Bedford
North Attleboro
North Dighton
Plainville
Rehoboth
Seekonk
SHELDONVILLE
Somerset
Swansea
Uxbridge
WEST WAREHAM
Westport
WESTPORT POINT
Wrentham","TJC

GT: State of Rhode Island & New Hampshire
& City
NORTH UXBRIDGE
ACUSHNET 
Attleboro
Bellingham
Blackstone
Darthmouth
Dighton
Douglas
Fall River
Franklin
Marion
Milville
New Bedford
North Attleboro
North Dighton
Plainville
Rehoboth
Seekonk
SHELDONVILLE
Somerset
Swansea
Uxbridge
WEST WAREHAM
Westport
WESTPORT POINT
Wrentham",IOC-0103449
201768,Lifespan - Lifespan Corporate Brand,WebMD - Audience - Kidney_Urinary System - US - 300x250 - RR,47680,0,30,12,572.16,12,572.16,2/29/2016,9/30/2016,1,"GT: State of Rhode Island & New Hampshire
& City
NORTH UXBRIDGE
ACUSHNET 
Attleboro
Bellingham
Blackstone
Darthmouth
Dighton
Douglas
Fall River
Franklin
Marion
Milville
New Bedford
North Attleboro
North Dighton
Plainville
Rehoboth
Seekonk
SHELDONVILLE
Somerset
Swansea
Uxbridge
WEST WAREHAM
Westport
WESTPORT POINT
Wrentham","UROLOGY

GT: State of Rhode Island & New Hampshire
& City
NORTH UXBRIDGE
ACUSHNET 
Attleboro
Bellingham
Blackstone
Darthmouth
Dighton
Douglas
Fall River
Franklin
Marion
Milville
New Bedford
North Attleboro
North Dighton
Plainville
Rehoboth
Seekonk
SHELDONVILLE
Somerset
Swansea
Uxbridge
WEST WAREHAM
Westport
WESTPORT POINT
Wrentham",IOC-0103449
201768,Lifespan - Lifespan Corporate Brand,WebMD - Audience - Kidney_Urinary System - US - 300x600 - RR,34915,0,40.2,16.8,586.57,16.8,586.57,2/29/2016,9/30/2016,1,"GT: State of Rhode Island & New Hampshire
& City
NORTH UXBRIDGE
ACUSHNET 
Attleboro
Bellingham
Blackstone
Darthmouth
Dighton
Douglas
Fall River
Franklin
Marion
Milville
New Bedford
North Attleboro
North Dighton
Plainville
Rehoboth
Seekonk
SHELDONVILLE
Somerset
Swansea
Uxbridge
WEST WAREHAM
Westport
WESTPORT POINT
Wrentham","UROLOGY

GT: State of Rhode Island & New Hampshire
& City
NORTH UXBRIDGE
ACUSHNET 
Attleboro
Bellingham
Blackstone
Darthmouth
Dighton
Douglas
Fall River
Franklin
Marion
Milville
New Bedford
North Attleboro
North Dighton
Plainville
Rehoboth
Seekonk
SHELDONVILLE
Somerset
Swansea
Uxbridge
WEST WAREHAM
Westport
WESTPORT POINT
Wrentham",IOC-0103449
201768,Lifespan - Lifespan Corporate Brand,"WebMD - Audience - Kidney_Urinary System - US - 320x50,300x50,300x250 - InStr",194186,0,23.4,9.6,1864.19,9.6,1864.19,2/29/2016,9/30/2016,1,"GT: State of Rhode Island & New Hampshire
& City
NORTH UXBRIDGE
ACUSHNET 
Attleboro
Bellingham
Blackstone
Darthmouth
Dighton
Douglas
Fall River
Franklin
Marion
Milville
New Bedford
North Attleboro
North Dighton
Plainville
Rehoboth
Seekonk
SHELDONVILLE
Somerset
Swansea
Uxbridge
WEST WAREHAM
Westport
WESTPORT POINT
Wrentham","UROLOGY

GT: State of Rhode Island & New Hampshire
& City
NORTH UXBRIDGE
ACUSHNET 
Attleboro
Bellingham
Blackstone
Darthmouth
Dighton
Douglas
Fall River
Franklin
Marion
Milville
New Bedford
North Attleboro
North Dighton
Plainville
Rehoboth
Seekonk
SHELDONVILLE
Somerset
Swansea
Uxbridge
WEST WAREHAM
Westport
WESTPORT POINT
Wrentham",IOC-0103449
201768,Lifespan - Lifespan Corporate Brand,WebMD - Audience - Urinary Incontinence_Overactive Bladder_OAB - US - 300x250 -,100408,130208,30,19.2,1927.83,19.2,1927.83,2/1/2016,9/30/2016,1,"GT: State of Rhode Island & New Hampshire
& City
NORTH UXBRIDGE
ACUSHNET 
Attleboro
Bellingham
Blackstone
Darthmouth
Dighton
Douglas
Fall River
Franklin
Marion
Milville
New Bedford
North Attleboro
North Dighton
Plainville
Rehoboth
Seekonk
SHELDONVILLE
Somerset
Swansea
Uxbridge
WEST WAREHAM
Westport
WESTPORT POINT
Wrentham","UROLOGY

GT: State of Rhode Island & New Hampshire
& City
NORTH UXBRIDGE
ACUSHNET 
Attleboro
Bellingham
Blackstone
Darthmouth
Dighton
Douglas
Fall River
Franklin
Marion
Milville
New Bedford
North Attleboro
North Dighton
Plainville
Rehoboth
Seekonk
SHELDONVILLE
Somerset
Swansea
Uxbridge
WEST WAREHAM
Westport
WESTPORT POINT
Wrentham",IOC-0103449
201768,Lifespan - Lifespan Corporate Brand,WebMD - Audience - Urinary Incontinence_Overactive Bladder_OAB - US - 300x600 -,56088,79365,40.2,25.2,1413.42,25.2,1413.42,2/1/2016,9/30/2016,1,"GT: State of Rhode Island & New Hampshire
& City
NORTH UXBRIDGE
ACUSHNET 
Attleboro
Bellingham
Blackstone
Darthmouth
Dighton
Douglas
Fall River
Franklin
Marion
Milville
New Bedford
North Attleboro
North Dighton
Plainville
Rehoboth
Seekonk
SHELDONVILLE
Somerset
Swansea
Uxbridge
WEST WAREHAM
Westport
WESTPORT POINT
Wrentham","UROLOGY

GT: State of Rhode Island & New Hampshire
& City
NORTH UXBRIDGE
ACUSHNET 
Attleboro
Bellingham
Blackstone
Darthmouth
Dighton
Douglas
Fall River
Franklin
Marion
Milville
New Bedford
North Attleboro
North Dighton
Plainville
Rehoboth
Seekonk
SHELDONVILLE
Somerset
Swansea
Uxbridge
WEST WAREHAM
Westport
WESTPORT POINT
Wrentham",IOC-0103449
201768,Lifespan - Lifespan Corporate Brand,"WebMD - Audience - Urinary Incontinence_Overactive Bladder_OAB - US - 320x50,300",191240,288333,23.4,19.2,3671.81,19.2,3671.81,2/1/2016,9/30/2016,1,"GT: State of Rhode Island & New Hampshire
& City
NORTH UXBRIDGE
ACUSHNET 
Attleboro
Bellingham
Blackstone
Darthmouth
Dighton
Douglas
Fall River
Franklin
Marion
Milville
New Bedford
North Attleboro
North Dighton
Plainville
Rehoboth
Seekonk
SHELDONVILLE
Somerset
Swansea
Uxbridge
WEST WAREHAM
Westport
WESTPORT POINT
Wrentham","UROLOGY

GT: State of Rhode Island & New Hampshire
& City
NORTH UXBRIDGE
ACUSHNET 
Attleboro
Bellingham
Blackstone
Darthmouth
Dighton
Douglas
Fall River
Franklin
Marion
Milville
New Bedford
North Attleboro
North Dighton
Plainville
Rehoboth
Seekonk
SHELDONVILLE
Somerset
Swansea
Uxbridge
WEST WAREHAM
Westport
WESTPORT POINT
Wrentham",IOC-0103449
201768,Lifespan - Lifespan Corporate Brand,CQ - Maternity Bundle -01- 300x250 - RR,208333,208333,12,12,2500,12,2500,1/1/2016,9/30/2016,1,"GT: State of Rhode Island & New Hampshire
& City
NORTH UXBRIDGE
ACUSHNET 
Attleboro
Bellingham
Blackstone
Darthmouth
Dighton
Douglas
Fall River
Franklin
Marion
Milville
New Bedford
North Attleboro
North Dighton
Plainville
Rehoboth
Seekonk
SHELDONVILLE
Somerset
Swansea
Uxbridge
WEST WAREHAM
Westport
WESTPORT POINT
Wrentham","WMC

GT: State of Rhode Island & New Hampshire
& City
NORTH UXBRIDGE
ACUSHNET 
Attleboro
Bellingham
Blackstone
Darthmouth
Dighton
Douglas
Fall River
Franklin
Marion
Milville
New Bedford
North Attleboro
North Dighton
Plainville
Rehoboth
Seekonk
SHELDONVILLE
Somerset
Swansea
Uxbridge
WEST WAREHAM
Westport
WESTPORT POINT
Wrentham",IOC-0103449
201768,Lifespan - Lifespan Corporate Brand,CQ - Maternity Bundle -01- 300x600 - RR,220126,220126,12,15.9,3500,15.9,3500,1/1/2016,9/30/2016,1,"GT: State of Rhode Island & New Hampshire
& City
NORTH UXBRIDGE
ACUSHNET 
Attleboro
Bellingham
Blackstone
Darthmouth
Dighton
Douglas
Fall River
Franklin
Marion
Milville
New Bedford
North Attleboro
North Dighton
Plainville
Rehoboth
Seekonk
SHELDONVILLE
Somerset
Swansea
Uxbridge
WEST WAREHAM
Westport
WESTPORT POINT
Wrentham","WMC

GT: State of Rhode Island & New Hampshire
& City
NORTH UXBRIDGE
ACUSHNET 
Attleboro
Bellingham
Blackstone
Darthmouth
Dighton
Douglas
Fall River
Franklin
Marion
Milville
New Bedford
North Attleboro
North Dighton
Plainville
Rehoboth
Seekonk
SHELDONVILLE
Somerset
Swansea
Uxbridge
WEST WAREHAM
Westport
WESTPORT POINT
Wrentham",IOC-0103449
201768,Lifespan - Lifespan Corporate Brand,DemoQualified - W25-54 -01- 300x250 - RR,125000,125000,12,12,1500,12,1500,1/1/2016,9/30/2016,1,"GT: State of Rhode Island & New Hampshire
& City
NORTH UXBRIDGE
ACUSHNET 
Attleboro
Bellingham
Blackstone
Darthmouth
Dighton
Douglas
Fall River
Franklin
Marion
Milville
New Bedford
North Attleboro
North Dighton
Plainville
Rehoboth
Seekonk
SHELDONVILLE
Somerset
Swansea
Uxbridge
WEST WAREHAM
Westport
WESTPORT POINT
Wrentham","WMC

GT: State of Rhode Island & New Hampshire
& City
NORTH UXBRIDGE
ACUSHNET 
Attleboro
Bellingham
Blackstone
Darthmouth
Dighton
Douglas
Fall River
Franklin
Marion
Milville
New Bedford
North Attleboro
North Dighton
Plainville
Rehoboth
Seekonk
SHELDONVILLE
Somerset
Swansea
Uxbridge
WEST WAREHAM
Westport
WESTPORT POINT
Wrentham",IOC-0103449
201768,Lifespan - Lifespan Corporate Brand,DemoQualified - W25-54 -01- 300x600 - RR,125786,125786,15.9,15.9,2000,15.9,2000,1/1/2016,9/30/2016,1,"GT: State of Rhode Island & New Hampshire
& City
NORTH UXBRIDGE
ACUSHNET 
Attleboro
Bellingham
Blackstone
Darthmouth
Dighton
Douglas
Fall River
Franklin
Marion
Milville
New Bedford
North Attleboro
North Dighton
Plainville
Rehoboth
Seekonk
SHELDONVILLE
Somerset
Swansea
Uxbridge
WEST WAREHAM
Westport
WESTPORT POINT
Wrentham","WMC

GT: State of Rhode Island & New Hampshire
& City
NORTH UXBRIDGE
ACUSHNET 
Attleboro
Bellingham
Blackstone
Darthmouth
Dighton
Douglas
Fall River
Franklin
Marion
Milville
New Bedford
North Attleboro
North Dighton
Plainville
Rehoboth
Seekonk
SHELDONVILLE
Somerset
Swansea
Uxbridge
WEST WAREHAM
Westport
WESTPORT POINT
Wrentham",IOC-0103449
201768,Lifespan - Lifespan Corporate Brand,HW - Pregnancy -01- 300x250 - RR,35088,35088,23.7,28.5,1000.01,28.5,1000.01,1/1/2016,9/30/2016,1,"GT: State of Rhode Island & New Hampshire
& City
NORTH UXBRIDGE
ACUSHNET 
Attleboro
Bellingham
Blackstone
Darthmouth
Dighton
Douglas
Fall River
Franklin
Marion
Milville
New Bedford
North Attleboro
North Dighton
Plainville
Rehoboth
Seekonk
SHELDONVILLE
Somerset
Swansea
Uxbridge
WEST WAREHAM
Westport
WESTPORT POINT
Wrentham","WMC

GT: State of Rhode Island & New Hampshire
& City
NORTH UXBRIDGE
ACUSHNET 
Attleboro
Bellingham
Blackstone
Darthmouth
Dighton
Douglas
Fall River
Franklin
Marion
Milville
New Bedford
North Attleboro
North Dighton
Plainville
Rehoboth
Seekonk
SHELDONVILLE
Somerset
Swansea
Uxbridge
WEST WAREHAM
Westport
WESTPORT POINT
Wrentham",IOC-0103449
201768,Lifespan - Lifespan Corporate Brand,"WebMD - Audience - Pregnancy - US - 320x50,300x50,300x250 - InStr",157895,157895,23.4,17.1,2700,17.1,2700,1/1/2016,9/30/2016,1,"GT: State of Rhode Island & New Hampshire
& City
NORTH UXBRIDGE
ACUSHNET 
Attleboro
Bellingham
Blackstone
Darthmouth
Dighton
Douglas
Fall River
Franklin
Marion
Milville
New Bedford
North Attleboro
North Dighton
Plainville
Rehoboth
Seekonk
SHELDONVILLE
Somerset
Swansea
Uxbridge
WEST WAREHAM
Westport
WESTPORT POINT
Wrentham","WMC

GT: State of Rhode Island & New Hampshire
& City
NORTH UXBRIDGE
ACUSHNET 
Attleboro
Bellingham
Blackstone
Darthmouth
Dighton
Douglas
Fall River
Franklin
Marion
Milville
New Bedford
North Attleboro
North Dighton
Plainville
Rehoboth
Seekonk
SHELDONVILLE
Somerset
Swansea
Uxbridge
WEST WAREHAM
Westport
WESTPORT POINT
Wrentham",IOC-0103449
,,,,,,,,,,,,,,,
,,,,,,,,,,,,,,,
Campaign Line Item Report Revised,,,,,,,,,,,,,,,
"Copyright (c) 2000-2016 salesforce.com, inc. All rights reserved.",,,,,,,,,,,,,,,
Confidential Information - Do Not Distribute,,,,,,,,,,,,,,,
Generated By:  Wilson Lui  3/25/2016 1:21 PM,,,,,,,,,,,,,,,
WebMD,,,,,,,,,,,,,,,
